00,08,30,01,07,204
02,35,55,01,07,9
02,38,05,01,07,60
02,47,40,01,07,54
04,18,45,01,07,60
05,53,09,01,07,54
07,03,16,01,07,233
07,03,39,01,07,54
07,13,39,01,07,60
07,30,27,01,07,246
07,33,51,01,07,54
07,55,04,01,07,54
08,13,30,01,07,60
08,43,31,01,07,56
08,44,36,01,07,56
09,24,40,01,07,60
09,26,54,01,07,7
10,22,07,01,07,60
10,32,16,01,07,233
15,23,24,01,07,233
15,23,57,01,07,60
15,59,01,01,07,233
16,19,12,01,07,7
17,00,14,01,07,233
17,00,35,01,07,233
17,35,58,01,07,233
19,46,36,01,07,60
20,15,57,01,07,233
20,52,08,01,07,246
20,56,06,01,07,233
21,32,00,01,07,233
23,59,58,01,07,233
146
00,00,00,02,07,233
00,00,37,02,07,60
00,18,25,02,07,233
00,59,55,02,07,233
02,12,02,02,07,54
02,13,54,02,07,54
04,18,07,02,07,50
04,18,17,02,07,60
04,52,28,02,07,54
04,54,20,02,07,54
12,04,34,02,07,60
12,11,57,02,07,56
12,18,01,02,07,9
12,48,32,02,07,54
14,34,20,02,07,60
14,48,18,02,07,54
15,32,05,02,07,54
16,08,26,02,07,54
16,31,55,02,07,55
16,43,06,02,07,233
17,13,54,02,07,60
19,10,29,02,07,60
19,29,55,02,07,54
20,22,02,02,07,54
21,01,19,02,07,54
21,48,59,02,07,60
22,02,10,02,07,246
22,39,44,02,07,233
95
00,00,00,03,07,233
00,40,54,03,07,7
00,40,56,03,07,2
00,40,58,03,07,20
00,54,22,03,07,2
00,54,44,03,07,7
00,54,45,03,07,2
00,54,47,03,07,20
00,59,04,03,07,25
01,01,45,03,07,2
01,02,11,03,07,233
01,02,32,03,07,246
01,02,55,03,07,2
01,02,57,03,07,20
01,03,51,03,07,25
01,04,27,03,07,20
01,04,29,03,07,23
01,04,35,03,07,20
01,04,37,03,07,22
01,04,39,03,07,20
01,04,40,03,07,25
01,08,38,03,07,2
01,08,39,03,07,20
01,08,44,03,07,2
01,08,44,03,07,14
01,08,48,03,07,2
01,08,51,03,07,14
01,09,00,03,07,2
01,09,03,03,07,2
01,09,03,03,07,14
01,10,12,03,07,2
01,10,14,03,07,2
01,10,51,03,07,7
01,11,06,03,07,237
01,11,10,03,07,51
01,11,32,03,07,7
01,11,40,03,07,222
01,11,42,03,07,7
01,13,13,03,07,7
01,14,06,03,07,7
01,16,31,03,07,7
02,06,37,03,07,233
03,19,07,03,07,60
03,55,07,03,07,60
04,00,51,03,07,55
04,02,37,03,07,233
04,58,22,03,07,56
05,51,49,03,07,7
103
01,12,01,04,07,0
01,12,09,04,07,0
01,20,11,04,07,2
01,20,37,04,07,232
01,22,47,04,07,7
01,23,35,04,07,7
03,18,39,04,07,60
03,36,17,04,07,233
04,38,20,04,07,60
05,27,03,04,07,54
07,38,20,04,07,60
08,54,52,04,07,60
08,58,08,04,07,54
08,58,28,04,07,55
09,17,24,04,07,9
09,49,45,04,07,54
10,29,55,04,07,246
10,44,19,04,07,54
10,51,03,04,07,233
11,20,32,04,07,60
11,28,32,04,07,233
11,49,50,04,07,54
12,27,32,04,07,54
13,13,30,04,07,60
13,15,18,04,07,233
13,27,34,04,07,54
13,45,18,04,07,60
16,04,53,04,07,60
16,30,05,04,07,60
17,17,45,04,07,9
17,35,38,04,07,60
17,40,37,04,07,54
18,25,39,04,07,56
18,41,14,04,07,54
20,24,39,04,07,60
21,14,50,04,07,204
21,27,04,04,07,54
22,20,23,04,07,54
131
00,00,00,05,07,54
00,14,05,05,07,50
00,14,27,05,07,60
01,35,22,05,07,9
01,49,35,05,07,233
03,35,10,05,07,233
03,35,35,05,07,60
04,20,15,05,07,60
07,17,15,05,07,60
07,27,04,05,07,233
08,53,37,05,07,54
09,37,44,05,07,54
10,09,54,05,07,60
10,34,41,05,07,56
10,45,11,05,07,233
11,04,52,05,07,54
12,28,52,05,07,233
12,30,00,05,07,60
13,24,31,05,07,7
13,34,15,05,07,233
14,17,26,05,07,54
14,31,51,05,07,233
15,20,57,05,07,233
15,35,00,05,07,57
15,40,48,05,07,57
16,25,24,05,07,233
17,09,40,05,07,54
17,11,57,05,07,54
18,13,08,05,07,2
18,13,09,05,07,20
18,13,10,05,07,27
18,19,24,05,07,2
18,19,48,05,07,235
18,23,31,05,07,2
18,25,25,05,07,7
18,31,34,05,07,7
20,07,55,05,07,7
20,24,09,05,07,233
165
22,31,11,06,07,50
2
00,00,00,07,07,50
11,49,38,07,07,233
11,50,23,07,07,60
12,36,01,07,07,233
13,54,00,07,07,233
14,14,41,07,07,233
14,20,50,07,07,233
14,32,39,07,07,233
15,22,30,07,07,233
16,19,37,07,07,233
17,00,49,07,07,233
17,46,28,07,07,233
19,07,42,07,07,233
19,08,40,07,07,60
19,17,00,07,07,56
19,51,53,07,07,233
20,19,57,07,07,60
20,54,25,07,07,233
21,36,01,07,07,233
22,14,23,07,07,233
22,50,03,07,07,233
23,09,29,07,07,233
23,09,56,07,07,60
116
01,40,29,08,07,246
02,50,53,08,07,60
03,59,15,08,07,54
04,34,05,08,07,233
04,50,08,08,07,56
04,59,34,08,07,233
05,37,19,08,07,233
07,23,12,08,07,54
08,30,46,08,07,60
09,43,36,08,07,9
10,26,04,08,07,54
10,29,25,08,07,54
10,48,26,08,07,0
10,48,31,08,07,0
10,48,58,08,07,2
10,49,37,08,07,20
11,17,41,08,07,2
11,23,40,08,07,7
13,38,39,08,07,60
15,10,25,08,07,60
15,41,17,08,07,233
17,13,15,08,07,246
17,15,44,08,07,233
18,41,03,08,07,9
18,56,51,08,07,60
20,12,33,08,07,233
21,12,28,08,07,54
21,31,41,08,07,60
22,12,24,08,07,54
138
00,00,00,09,07,54
08,50,43,09,07,9
08,50,44,09,07,2
08,50,45,09,07,20
08,50,49,09,07,50
08,51,24,09,07,20
08,51,26,09,07,2
08,51,26,09,07,20
08,51,29,09,07,50
08,51,42,09,07,20
09,08,05,09,07,401
09,16,15,09,07,0
09,16,19,09,07,0
09,16,21,09,07,401
14,35,55,09,07,0
14,35,59,09,07,0
14,36,01,09,07,401
15,28,56,09,07,0
15,29,00,09,07,0
15,29,02,09,07,401
15,29,07,09,07,0
15,29,11,09,07,0
15,29,13,09,07,401
15,29,39,09,07,0
15,29,42,09,07,0
15,29,45,09,07,401
15,34,30,09,07,0
15,34,34,09,07,0
15,34,46,09,07,415
15,34,50,09,07,0
15,34,53,09,07,0
15,34,58,09,07,2
15,35,06,09,07,415
15,35,10,09,07,0
15,35,14,09,07,0
15,35,18,09,07,2
15,35,27,09,07,415
15,35,37,09,07,0
15,35,41,09,07,0
15,35,44,09,07,2
15,36,08,09,07,20
15,37,14,09,07,21
15,48,13,09,07,246
15,48,18,09,07,21
15,51,21,09,07,2
15,51,22,09,07,20
15,51,44,09,07,22
15,53,25,09,07,20
15,53,26,09,07,21
16,10,43,09,07,2
16,10,44,09,07,20
16,10,49,09,07,22
16,11,50,09,07,20
16,11,51,09,07,28
16,12,41,09,07,20
16,12,42,09,07,21
16,27,01,09,07,20
16,27,02,09,07,28
16,46,30,09,07,20
16,46,32,09,07,21
16,58,15,09,07,2
16,58,15,09,07,20
16,58,19,09,07,22
17,12,10,09,07,2
17,12,13,09,07,54
17,15,01,09,07,233
17,15,41,09,07,222
17,25,24,09,07,233
17,28,06,09,07,233
17,56,58,09,07,233
17,57,25,09,07,60
17,59,27,09,07,7
18,37,06,09,07,60
19,17,49,09,07,233
19,59,14,09,07,54
20,05,14,09,07,233
20,05,17,09,07,233
20,39,07,09,07,54
22,25,15,09,07,54
23,13,56,09,07,60
134
00,10,40,10,07,55
00,48,05,10,07,55
01,00,21,10,07,233
01,42,36,10,07,56
03,05,12,10,07,55
03,46,34,10,07,60
04,28,36,10,07,246
04,44,41,10,07,233
05,01,22,10,07,55
05,23,11,10,07,9
05,49,48,10,07,237
05,51,16,10,07,51
06,11,34,10,07,237
06,15,58,10,07,51
06,16,24,10,07,237
06,17,40,10,07,233
06,33,31,10,07,55
06,50,59,10,07,55
07,02,32,10,07,55
07,04,51,10,07,233
07,07,24,10,07,233
08,18,54,10,07,233
08,19,33,10,07,60
09,07,11,10,07,55
09,37,05,10,07,233
23,40,20,10,07,14
23,40,25,10,07,2
23,40,27,10,07,2
23,40,51,10,07,233
23,41,46,10,07,222
23,42,00,10,07,222
117
00,08,01,11,07,7
00,08,31,11,07,60
00,10,27,11,07,9
00,50,15,11,07,233
00,52,06,11,07,233
02,22,01,11,07,60
03,00,55,11,07,233
03,36,37,11,07,54
04,14,14,11,07,57
05,11,42,11,07,54
05,31,07,11,07,237
05,31,13,11,07,51
07,17,01,11,07,60
07,37,14,11,07,237
07,37,27,11,07,51
07,38,57,11,07,237
07,40,00,11,07,233
08,16,29,11,07,9
08,20,38,11,07,54
08,23,20,11,07,233
08,54,07,11,07,233
09,01,20,11,07,56
09,40,47,11,07,54
09,42,41,11,07,54
10,17,43,11,07,54
11,52,21,11,07,60
12,16,16,11,07,233
12,56,57,11,07,54
13,33,27,11,07,54
15,19,48,11,07,50
15,48,50,11,07,60
15,58,37,11,07,54
16,12,24,11,07,2
16,12,50,11,07,233
16,14,23,11,07,222
16,15,35,11,07,222
16,17,36,11,07,9
16,50,27,11,07,54
16,50,47,11,07,246
16,55,28,11,07,54
16,55,29,11,07,246
16,55,34,11,07,54
17,39,26,11,07,54
17,40,21,11,07,246
17,57,20,11,07,54
18,29,13,11,07,60
18,30,48,11,07,54
20,41,56,11,07,60
20,55,03,11,07,233
21,24,46,11,07,60
21,52,09,11,07,54
22,37,06,11,07,54
23,23,53,11,07,60
158
00,00,27,12,07,233
00,19,20,12,07,9
00,36,14,12,07,233
02,22,18,12,07,60
03,02,35,12,07,233
03,12,56,12,07,56
03,31,25,12,07,60
04,05,37,12,07,233
04,54,55,12,07,60
05,35,00,12,07,233
36
00,19,58,13,07,233
00,20,27,13,07,60
00,28,13,13,07,9
01,37,47,13,07,54
04,08,45,13,07,60
04,37,49,13,07,54
06,34,44,13,07,233
07,00,29,13,07,60
08,16,54,13,07,60
08,30,29,13,07,9
09,40,26,13,07,54
09,42,27,13,07,54
11,08,42,13,07,60
11,45,20,13,07,54
11,49,39,13,07,56
13,45,01,13,07,55
15,02,36,13,07,60
15,20,34,13,07,50
16,34,19,13,07,9
17,42,10,13,07,54
20,31,58,13,07,60
22,10,02,13,07,233
22,26,54,13,07,233
23,43,33,13,07,233
23,44,19,13,07,60
145
00,39,49,14,07,9
02,27,45,14,07,60
02,46,50,14,07,56
03,53,46,14,07,54
05,25,38,14,07,60
07,09,39,14,07,60
08,40,29,14,07,9
09,15,54,14,07,54
09,35,21,14,07,7
12,09,53,14,07,60
12,49,10,14,07,54
14,02,38,14,07,54
14,45,58,14,07,60
15,28,33,14,07,233
18,55,13,14,07,60
20,09,19,14,07,9
20,14,03,14,07,56
20,21,32,14,07,54
20,24,05,14,07,233
20,42,03,14,07,60
21,15,03,14,07,54
22,05,40,14,07,233
22,07,05,14,07,7
101
00,00,00,15,07,7
15,21,20,15,07,50
23,32,56,15,07,7
23,35,33,15,07,233
23,36,01,15,07,60
10
00,16,30,16,07,54
01,52,24,16,07,204
02,03,44,16,07,246
02,08,41,16,07,54
02,39,22,16,07,55
03,59,11,16,07,233
05,18,19,16,07,54
06,25,50,16,07,55
07,07,58,16,07,56
07,30,15,16,07,9
07,32,37,16,07,233
07,55,58,16,07,55
09,06,42,16,07,60
10,25,28,16,07,54
10,27,21,16,07,54
10,27,38,16,07,54
11,19,56,16,07,60
11,41,50,16,07,54
11,47,35,16,07,233
12,18,58,16,07,237
12,20,34,16,07,237
12,23,12,16,07,54
13,09,24,16,07,54
14,47,55,16,07,60
15,30,43,16,07,9
15,36,37,16,07,233
15,54,20,16,07,2
15,54,21,16,07,20
16,01,20,16,07,2
16,01,45,16,07,233
18,58,00,16,07,60
19,47,34,16,07,54
20,05,39,16,07,60
20,41,08,16,07,54
20,59,45,16,07,56
22,51,56,16,07,54
23,15,52,16,07,55
23,36,08,16,07,9
23,48,35,16,07,233
167
11,21,41,17,07,233
11,22,12,17,07,60
14,48,09,17,07,246
14,50,13,17,07,233
15,21,37,17,07,50
15,37,37,17,07,233
15,39,57,17,07,233
16,01,49,17,07,9
17,05,33,17,07,56
17,25,45,17,07,233
17,45,08,17,07,233
18,46,28,17,07,246
19,27,09,17,07,233
20,40,05,17,07,233
20,40,32,17,07,60
22,28,44,17,07,233
108
00,00,00,18,07,233
00,51,16,18,07,233
00,53,32,18,07,60
01,44,15,18,07,54
02,28,36,18,07,54
03,57,42,18,07,60
04,37,37,18,07,233
05,09,23,18,07,233
34
00,00,00,19,07,233
14,38,48,19,07,233
14,42,07,19,07,7
14,45,27,19,07,0
14,45,34,19,07,0
14,46,22,19,07,2
14,47,11,19,07,233
14,47,39,19,07,233
14,47,57,19,07,7
14,50,23,19,07,0
14,50,30,19,07,0
14,51,15,19,07,2
14,52,06,19,07,233
14,52,11,19,07,7
14,55,25,19,07,0
14,55,32,19,07,0
14,56,08,19,07,2
14,56,59,19,07,233
17,23,19,19,07,50
17,23,30,19,07,233
17,23,49,19,07,233
17,25,46,19,07,7
17,25,48,19,07,2
17,25,50,19,07,20
17,25,54,19,07,23
17,26,04,19,07,2
17,26,21,19,07,7
17,26,43,19,07,234
17,27,15,19,07,234
17,27,30,19,07,233
17,33,45,19,07,401
17,54,25,19,07,0
17,54,29,19,07,0
17,54,31,19,07,401
17,54,33,19,07,0
17,54,37,19,07,0
17,54,39,19,07,401
17,54,48,19,07,0
17,54,52,19,07,0
17,54,54,19,07,2
17,55,22,19,07,20
17,55,34,19,07,28
17,55,35,19,07,20
17,55,36,19,07,28
17,58,36,19,07,0
17,58,43,19,07,0
17,59,26,19,07,2
18,00,11,19,07,233
18,00,40,19,07,7
18,03,06,19,07,0
18,03,13,19,07,0
18,03,53,19,07,2
18,04,44,19,07,233
18,07,38,19,07,0
18,07,45,19,07,0
18,08,24,19,07,2
18,09,15,19,07,233
23,41,40,19,07,2
23,41,42,19,07,20
23,44,57,19,07,23
23,45,00,19,07,20
23,45,01,19,07,21
89
00,00,00,20,07,21
00,29,11,20,07,2
00,29,35,20,07,233
00,36,26,20,07,246
00,39,55,20,07,246
00,50,14,20,07,246
00,59,10,20,07,400
00,59,12,20,07,0
00,59,16,20,07,0
00,59,17,20,07,2
00,59,57,20,07,20
01,00,03,20,07,21
01,00,40,20,07,246
01,01,57,20,07,21
01,01,58,20,07,246
01,02,18,20,07,21
01,02,20,20,07,2
01,02,21,20,07,20
01,04,02,20,07,21
01,04,09,20,07,246
01,04,25,20,07,21
01,07,37,20,07,2
01,07,37,20,07,20
01,07,39,20,07,2
01,08,02,20,07,233
01,09,03,20,07,2
01,09,05,20,07,20
01,09,26,20,07,28
01,18,09,20,07,20
01,18,11,20,07,21
01,20,48,20,07,20
01,20,49,20,07,25
01,20,51,20,07,20
01,20,53,20,07,28
01,26,23,20,07,20
01,26,24,20,07,21
01,28,31,20,07,423
01,32,16,20,07,0
01,32,20,20,07,0
01,32,21,20,07,2
01,32,45,20,07,20
01,32,51,20,07,21
01,44,37,20,07,2
01,45,00,20,07,233
01,46,28,20,07,233
01,46,52,20,07,7
01,47,34,20,07,233
01,51,13,20,07,7
02,31,19,20,07,237
02,35,20,20,07,51
02,36,21,20,07,237
02,36,34,20,07,51
02,40,40,20,07,237
02,51,44,20,07,51
02,55,08,20,07,246
03,10,23,20,07,237
03,18,30,20,07,237
03,18,43,20,07,241
03,19,15,20,07,233
03,19,36,20,07,233
03,19,40,20,07,233
03,21,54,20,07,237
03,32,39,20,07,51
03,33,00,20,07,246
03,33,04,20,07,246
03,33,11,20,07,246
03,33,30,20,07,246
03,33,44,20,07,246
03,34,15,20,07,246
03,34,17,20,07,7
03,34,19,20,07,2
03,34,20,20,07,20
03,34,24,20,07,2
03,34,41,20,07,246
03,35,38,20,07,246
03,36,44,20,07,246
03,36,49,20,07,246
03,37,23,20,07,2
03,37,24,20,07,20
03,37,33,20,07,2
03,37,58,20,07,233
03,38,19,20,07,234
03,38,52,20,07,233
03,47,39,20,07,234
03,49,22,20,07,234
03,49,42,20,07,233
04,50,41,20,07,56
06,20,25,20,07,54
06,52,02,20,07,246
08,56,27,20,07,233
09,02,52,20,07,234
09,03,19,20,07,234
09,03,40,20,07,234
09,04,00,20,07,234
09,05,23,20,07,234
09,06,13,20,07,234
09,06,33,20,07,234
09,10,48,20,07,233
09,55,43,20,07,233
10,41,09,20,07,233
11,04,53,20,07,60
13,05,17,20,07,233
15,35,52,20,07,56
16,57,28,20,07,9
17,40,45,20,07,233
17,43,05,20,07,234
17,43,12,20,07,237
17,43,15,20,07,51
17,43,27,20,07,233
20,53,47,20,07,237
22,59,09,20,07,54
23,53,44,20,07,60
23,55,06,20,07,7
23,56,14,20,07,7
450
00,00,00,21,07,7
01,02,51,21,07,54
01,04,22,21,07,234
01,05,45,21,07,234
01,05,59,21,07,233
01,23,41,21,07,237
01,29,21,21,07,51
01,31,23,21,07,9
01,49,30,21,07,60
02,30,18,21,07,233
03,03,52,21,07,237
03,17,44,21,07,51
03,41,21,21,07,237
03,42,38,21,07,51
03,43,54,21,07,237
03,44,03,21,07,51
03,47,16,21,07,237
03,49,48,21,07,51
03,50,29,21,07,237
03,50,35,21,07,51
03,50,57,21,07,237
03,51,06,21,07,51
03,51,57,21,07,233
03,52,58,21,07,233
04,07,14,21,07,7
04,08,28,21,07,7
04,13,28,21,07,237
04,14,05,21,07,7
04,14,19,21,07,237
05,28,35,21,07,56
05,38,35,21,07,233
05,47,40,21,07,233
06,31,06,21,07,233
07,00,20,21,07,55
09,38,17,21,07,9
09,55,29,21,07,54
09,58,55,21,07,54
11,14,46,21,07,60
12,10,23,21,07,233
13,08,08,21,07,7
14,35,18,21,07,60
14,37,54,21,07,233
15,39,55,21,07,233
16,03,53,21,07,50
16,40,35,21,07,233
18,52,16,21,07,60
19,22,08,21,07,233
19,38,31,21,07,246
20,00,05,21,07,246
20,16,19,21,07,233
20,17,57,21,07,7
23,35,04,21,07,233
23,36,30,21,07,60
23,56,29,21,07,246
235
00,05,49,22,07,246
00,23,51,22,07,246
00,32,04,22,07,246
00,41,45,22,07,233
00,43,28,22,07,246
00,51,32,22,07,246
00,59,34,22,07,246
01,08,40,22,07,246
01,20,19,22,07,246
01,20,32,22,07,246
01,24,50,22,07,246
01,32,55,22,07,246
01,41,05,22,07,246
01,48,29,22,07,233
01,50,59,22,07,246
01,59,14,22,07,246
02,08,59,22,07,246
02,18,12,22,07,246
02,40,32,22,07,60
02,54,48,22,07,246
02,58,56,22,07,246
02,58,58,22,07,246
03,03,02,22,07,233
03,07,58,22,07,246
03,08,45,22,07,246
03,11,40,22,07,246
03,12,53,22,07,246
03,13,05,22,07,246
03,13,15,22,07,246
03,13,41,22,07,246
03,18,07,22,07,246
03,20,49,22,07,246
03,27,58,22,07,246
03,30,32,22,07,246
03,38,11,22,07,233
03,38,23,22,07,200
03,39,23,22,07,246
03,41,52,22,07,233
03,58,36,22,07,233
04,14,18,22,07,234
04,16,07,22,07,233
04,16,35,22,07,233
05,12,47,22,07,233
06,03,33,22,07,233
06,50,01,22,07,233
07,12,45,22,07,246
07,49,07,22,07,233
08,07,45,22,07,55
08,16,18,22,07,246
08,27,05,22,07,56
08,30,01,22,07,56
08,46,41,22,07,233
09,07,08,22,07,246
09,15,14,22,07,246
09,42,35,22,07,233
09,48,06,22,07,246
09,54,52,22,07,246
09,55,45,22,07,246
09,56,12,22,07,246
09,56,20,22,07,246
09,56,23,22,07,246
09,56,31,22,07,246
09,58,05,22,07,246
10,17,28,22,07,246
10,17,54,22,07,246
10,18,25,22,07,246
10,18,43,22,07,246
10,25,25,22,07,246
10,32,59,22,07,246
10,41,16,22,07,246
11,36,42,22,07,2
11,37,08,22,07,233
11,37,29,22,07,246
11,37,46,22,07,246
11,37,49,22,07,246
11,38,55,22,07,7
11,39,47,22,07,7
11,50,02,22,07,233
11,50,23,22,07,233
11,51,14,22,07,246
11,51,23,22,07,246
11,51,59,22,07,233
11,55,21,22,07,233
11,58,01,22,07,233
11,58,05,22,07,233
12,05,03,22,07,237
12,09,05,22,07,51
12,18,01,22,07,246
12,29,54,22,07,246
12,37,15,22,07,237
12,40,06,22,07,241
12,41,07,22,07,7
12,44,51,22,07,246
12,45,28,22,07,246
12,52,35,22,07,246
12,53,17,22,07,246
12,53,38,22,07,246
13,00,36,22,07,233
13,01,12,22,07,246
13,08,46,22,07,246
13,15,49,22,07,246
13,22,35,22,07,246
13,31,17,22,07,233
13,32,06,22,07,246
13,32,14,22,07,246
13,32,18,22,07,246
13,32,19,22,07,246
13,39,16,22,07,246
13,43,28,22,07,246
13,50,31,22,07,246
14,00,31,22,07,233
14,02,32,22,07,246
14,03,40,22,07,246
14,03,41,22,07,246
14,11,21,22,07,246
14,12,21,22,07,246
14,23,55,22,07,246
14,25,36,22,07,246
14,26,01,22,07,246
14,27,39,22,07,246
14,28,25,22,07,246
14,36,26,22,07,246
14,36,52,22,07,246
14,40,30,22,07,237
14,40,50,22,07,237
14,41,05,22,07,241
14,45,19,22,07,246
14,48,28,22,07,57
14,59,03,22,07,246
15,04,39,22,07,246
15,12,39,22,07,233
15,13,13,22,07,246
15,20,45,22,07,246
15,29,45,22,07,9
15,37,25,22,07,246
15,45,05,22,07,246
16,00,08,22,07,246
16,11,08,22,07,246
16,21,16,22,07,246
16,37,01,22,07,246
16,44,28,22,07,246
16,51,59,22,07,246
17,00,56,22,07,246
17,08,29,22,07,246
17,18,42,22,07,246
17,19,10,22,07,246
17,22,22,22,07,234
17,38,11,22,07,246
17,41,01,22,07,246
17,48,23,22,07,246
17,54,43,22,07,246
18,01,45,22,07,246
18,05,10,22,07,246
18,12,27,22,07,246
18,31,17,22,07,246
18,36,50,22,07,246
18,36,51,22,07,246
18,42,43,22,07,54
18,45,51,22,07,246
18,45,58,22,07,246
18,53,43,22,07,246
19,03,51,22,07,246
19,12,18,22,07,246
19,19,41,22,07,246
19,27,55,22,07,246
19,37,40,22,07,246
19,45,06,22,07,246
19,55,08,22,07,246
20,03,55,22,07,246
20,11,24,22,07,246
20,33,47,22,07,246
20,40,48,22,07,246
20,47,58,22,07,246
20,57,41,22,07,246
21,00,53,22,07,246
21,08,30,22,07,246
21,16,36,22,07,246
21,20,11,22,07,246
21,22,38,22,07,246
21,25,26,22,07,233
21,30,12,22,07,246
21,37,18,22,07,246
21,44,19,22,07,246
21,54,30,22,07,200
21,55,12,22,07,200
21,55,30,22,07,246
21,57,01,22,07,56
22,05,08,22,07,200
22,06,02,22,07,246
22,06,10,22,07,246
22,13,12,22,07,200
22,13,59,22,07,246
22,21,16,22,07,200
22,22,32,22,07,246
22,29,28,22,07,200
22,30,58,22,07,246
22,38,37,22,07,200
22,39,11,22,07,246
22,45,04,22,07,54
23,13,17,22,07,200
23,14,39,22,07,200
23,14,57,22,07,246
23,15,39,22,07,246
23,16,06,22,07,60
23,23,08,22,07,200
23,24,24,22,07,246
23,31,55,22,07,200
23,37,42,22,07,233
23,37,54,22,07,200
23,38,19,22,07,246
23,45,32,22,07,200
23,50,17,22,07,246
23,57,30,22,07,200
602
00,14,55,23,07,200
00,21,13,23,07,246
00,28,43,23,07,54
01,30,57,23,07,54
03,34,58,23,07,60
03,42,21,23,07,233
03,43,16,23,07,7
03,53,51,23,07,246
04,44,42,23,07,233
05,36,54,23,07,233
05,45,05,23,07,246
06,27,05,23,07,233
07,23,49,23,07,233
07,37,21,23,07,9
08,16,08,23,07,233
08,39,27,23,07,60
09,06,31,23,07,60
09,48,58,23,07,233
10,21,18,23,07,54
10,31,38,23,07,7
11,27,07,23,07,60
11,52,02,23,07,237
11,53,55,23,07,51
12,23,49,23,07,60
12,48,11,23,07,233
13,03,39,23,07,2
13,03,41,23,07,20
13,03,43,23,07,23
13,04,42,23,07,2
13,04,42,23,07,20
13,05,06,23,07,22
13,05,22,23,07,20
13,05,23,23,07,25
13,06,56,23,07,2
13,06,56,23,07,20
13,06,58,23,07,22
13,07,31,23,07,2
13,07,32,23,07,20
13,07,35,23,07,25
13,07,47,23,07,14
13,07,51,23,07,2
13,07,52,23,07,2
14,10,37,23,07,237
14,10,47,23,07,51
14,25,38,23,07,246
14,26,00,23,07,246
14,33,02,23,07,56
14,37,49,23,07,233
14,42,42,23,07,246
14,46,55,23,07,246
14,49,47,23,07,2
14,49,49,23,07,20
14,49,54,23,07,25
14,51,50,23,07,2
14,52,24,23,07,222
14,52,49,23,07,222
14,57,18,23,07,246
15,01,14,23,07,233
15,38,18,23,07,9
15,40,05,23,07,237
15,40,39,23,07,51
15,46,57,23,07,54
15,50,58,23,07,233
15,53,47,23,07,246
16,04,20,23,07,50
16,08,25,23,07,246
16,33,26,23,07,246
16,38,39,23,07,246
16,41,39,23,07,246
16,45,27,23,07,246
17,12,34,23,07,246
17,30,17,23,07,246
17,30,44,23,07,246
17,31,06,23,07,246
17,58,28,23,07,246
18,21,39,23,07,246
18,52,27,23,07,246
19,02,08,23,07,246
19,04,17,23,07,246
19,11,45,23,07,237
19,13,28,23,07,51
19,13,53,23,07,237
19,13,57,23,07,51
19,14,37,23,07,246
19,23,03,23,07,246
19,37,42,23,07,246
19,43,31,23,07,233
19,44,44,23,07,246
20,19,34,23,07,246
20,28,02,23,07,233
20,29,30,23,07,246
20,40,05,23,07,246
20,50,43,23,07,246
21,08,51,23,07,246
21,09,08,23,07,246
21,09,10,23,07,246
21,09,41,23,07,246
21,11,02,23,07,246
21,11,05,23,07,246
21,11,16,23,07,246
21,11,19,23,07,246
21,18,52,23,07,246
21,19,13,23,07,246
21,27,14,23,07,246
21,38,09,23,07,246
21,48,34,23,07,246
21,49,47,23,07,246
21,57,43,23,07,246
22,06,55,23,07,246
22,16,01,23,07,246
22,16,26,23,07,246
22,20,47,23,07,237
22,21,52,23,07,51
22,25,32,23,07,246
22,27,57,23,07,233
380
04,20,43,24,07,2
04,20,44,24,07,20
04,21,14,24,07,23
04,24,23,24,07,20
04,24,28,24,07,23
05,20,32,24,07,223
05,20,49,24,07,2
05,21,07,24,07,7
05,23,49,24,07,2
05,24,14,24,07,233
05,27,50,24,07,246
05,28,01,24,07,246
05,28,53,24,07,413
05,30,33,24,07,0
05,30,37,24,07,0
05,30,41,24,07,14
05,30,43,24,07,2
05,30,43,24,07,0
05,30,44,24,07,2
05,31,41,24,07,246
05,33,37,24,07,234
05,34,00,24,07,7
05,34,10,24,07,222
05,34,12,24,07,7
05,35,27,24,07,234
05,36,15,24,07,246
06,21,04,24,07,246
06,23,52,24,07,234
06,37,41,24,07,233
07,03,11,24,07,246
07,04,14,24,07,7
08,02,22,24,07,60
08,12,40,24,07,233
08,16,22,24,07,246
08,19,57,24,07,9
10,09,43,24,07,60
10,43,48,24,07,54
10,45,42,24,07,54
11,34,23,24,07,246
11,34,43,24,07,60
11,35,35,24,07,246
11,47,17,24,07,246
11,51,09,24,07,246
11,51,13,24,07,246
12,03,23,24,07,246
12,15,19,24,07,246
12,49,50,24,07,246
12,53,14,24,07,7
13,10,57,24,07,0
13,11,28,24,07,0
13,11,55,24,07,2
13,12,18,24,07,20
13,12,24,24,07,2
13,12,41,24,07,246
13,13,13,24,07,2
13,13,15,24,07,20
13,13,21,24,07,25
13,13,29,24,07,20
13,13,32,24,07,27
13,13,47,24,07,20
13,13,48,24,07,25
13,16,22,24,07,20
13,16,25,24,07,22
13,17,09,24,07,20
13,17,10,24,07,25
13,17,37,24,07,246
13,17,42,24,07,25
13,18,19,24,07,20
13,18,20,24,07,25
13,18,52,24,07,2
13,18,52,24,07,20
13,18,55,24,07,25
13,23,42,24,07,2
13,23,43,24,07,20
13,23,45,24,07,2
13,24,20,24,07,222
13,26,19,24,07,7
15,12,35,24,07,60
15,23,33,24,07,233
15,50,21,24,07,233
16,19,26,24,07,220
16,19,31,24,07,2
16,19,31,24,07,20
16,28,34,24,07,2
16,28,35,24,07,20
16,28,36,24,07,23
17,11,04,24,07,2
17,11,04,24,07,20
17,11,07,24,07,22
17,11,09,24,07,20
17,11,10,24,07,23
17,11,25,24,07,20
17,11,26,24,07,22
19,11,48,24,07,2
19,12,09,24,07,235
19,12,22,24,07,235
19,12,34,24,07,233
19,13,01,24,07,54
19,14,23,24,07,222
19,20,50,24,07,7
19,23,17,24,07,7
19,41,48,24,07,246
20,35,12,24,07,246
20,35,42,24,07,57
20,57,59,24,07,246
21,07,13,24,07,246
21,07,46,24,07,246
21,19,01,24,07,246
22,01,11,24,07,246
22,07,46,24,07,246
22,24,51,24,07,233
23,21,35,24,07,233
23,22,07,24,07,60
23,36,38,24,07,246
23,58,57,24,07,246
264
00,00,00,25,07,246
00,06,36,25,07,246
00,08,35,25,07,233
00,19,44,25,07,233
00,23,47,25,07,246
00,34,35,25,07,246
01,03,06,25,07,233
01,13,20,25,07,237
01,14,09,25,07,241
01,30,14,25,07,246
01,54,14,25,07,246
01,55,47,25,07,56
02,34,23,25,07,237
02,37,44,25,07,51
02,38,10,25,07,246
02,44,12,25,07,246
02,45,45,25,07,246
02,46,05,25,07,246
02,46,36,25,07,246
03,09,11,25,07,246
03,11,15,25,07,246
03,11,19,25,07,246
03,11,48,25,07,246
03,19,11,25,07,233
04,28,15,25,07,246
04,29,39,25,07,246
04,33,48,25,07,246
04,34,42,25,07,246
04,34,51,25,07,246
04,35,24,25,07,246
04,37,37,25,07,246
04,43,52,25,07,233
04,45,27,25,07,233
04,53,35,25,07,233
04,57,20,25,07,234
05,19,47,25,07,246
05,24,22,25,07,234
06,01,07,25,07,233
06,23,47,25,07,60
06,44,40,25,07,234
06,50,10,25,07,234
07,12,08,25,07,237
07,18,46,25,07,51
07,29,47,25,07,233
07,44,35,25,07,234
08,08,28,25,07,234
08,26,57,25,07,246
08,28,12,25,07,234
08,28,49,25,07,246
08,28,54,25,07,246
08,29,18,25,07,246
08,42,00,25,07,234
08,51,18,25,07,246
09,09,11,25,07,233
09,16,21,25,07,233
09,19,40,25,07,234
09,45,28,25,07,246
10,26,31,25,07,234
10,39,07,25,07,234
10,41,14,25,07,246
10,45,44,25,07,246
10,46,46,25,07,246
10,47,40,25,07,246
10,47,59,25,07,233
10,51,42,25,07,233
17,10,39,25,07,50
242
00,12,45,26,07,233
00,13,10,26,07,60
00,14,30,26,07,234
00,15,55,26,07,234
00,18,46,26,07,234
00,22,12,26,07,246
00,22,24,26,07,246
00,22,42,26,07,246
00,22,47,26,07,413
01,00,19,26,07,0
01,00,23,26,07,0
01,00,25,26,07,400
01,00,31,26,07,0
01,00,35,26,07,0
01,00,36,26,07,2
01,01,08,26,07,20
01,01,10,26,07,2
01,01,31,26,07,235
01,01,41,26,07,235
01,01,53,26,07,233
01,12,56,26,07,246
01,14,43,26,07,9
01,21,07,26,07,237
01,25,48,26,07,237
01,25,52,26,07,51
01,57,16,26,07,246
02,00,38,26,07,233
02,13,40,26,07,246
02,21,41,26,07,246
02,23,11,26,07,246
02,25,00,26,07,246
02,31,39,26,07,246
02,37,06,26,07,246
02,42,19,26,07,246
02,42,20,26,07,246
02,42,22,26,07,246
02,43,40,26,07,246
02,45,28,26,07,246
02,52,54,26,07,246
03,01,47,26,07,233
03,55,00,26,07,246
04,31,41,26,07,233
05,16,19,26,07,233
06,01,02,26,07,233
06,44,30,26,07,233
07,29,33,26,07,233
07,41,03,26,07,56
08,26,06,26,07,233
09,12,02,26,07,233
09,57,33,26,07,233
10,41,56,26,07,233
11,13,43,26,07,60
12,03,05,26,07,54
12,25,48,26,07,54
13,00,29,26,07,233
13,18,12,26,07,60
14,22,48,26,07,233
15,12,03,26,07,233
15,50,48,26,07,233
15,51,18,26,07,60
16,08,39,26,07,7
16,18,22,26,07,233
16,55,22,26,07,233
17,47,48,26,07,233
18,02,48,26,07,232
18,02,52,26,07,232
18,02,55,26,07,232
18,15,59,26,07,233
18,53,23,26,07,233
19,39,01,26,07,233
20,06,50,26,07,56
20,49,07,26,07,233
21,04,09,26,07,233
21,42,46,26,07,233
22,31,39,26,07,233
22,57,36,26,07,233
23,21,46,26,07,60
23,42,09,26,07,9
23,44,36,26,07,234
23,51,46,26,07,234
367
00,29,42,27,07,233
00,32,16,27,07,234
00,34,33,27,07,234
00,38,28,27,07,234
00,41,46,27,07,233
02,29,28,27,07,60
02,38,16,27,07,234
02,58,23,27,07,233
02,59,10,27,07,234
02,59,28,27,07,237
03,48,07,27,07,233
04,35,58,27,07,233
05,16,24,27,07,54
07,18,39,27,07,60
07,28,57,27,07,234
07,39,35,27,07,233
07,42,40,27,07,9
08,27,13,27,07,233
08,29,07,27,07,233
08,54,48,27,07,233
09,10,25,27,07,246
09,10,41,27,07,246
09,40,02,27,07,233
10,25,54,27,07,233
10,42,12,27,07,237
10,42,36,27,07,237
10,42,39,27,07,51
11,13,49,27,07,9
11,37,26,27,07,60
11,53,44,27,07,233
12,22,50,27,07,60
13,17,39,27,07,233
13,39,59,27,07,233
14,18,29,27,07,233
14,26,52,27,07,233
14,57,28,27,07,54
15,39,04,27,07,54
15,42,55,27,07,246
15,49,03,27,07,54
15,52,42,27,07,7
16,01,17,27,07,56
16,44,57,27,07,54
16,46,31,27,07,50
16,47,23,27,07,54
16,48,03,27,07,233
17,20,04,27,07,233
18,07,56,27,07,233
20,14,18,27,07,2
20,14,19,27,07,20
20,22,20,27,07,2
20,22,21,27,07,20
20,25,13,27,07,27
20,39,13,27,07,20
20,39,16,27,07,25
20,39,18,27,07,20
20,39,19,27,07,23
21,05,08,27,07,2
21,05,40,27,07,233
21,09,01,27,07,7
21,10,29,27,07,7
21,11,12,27,07,234
21,11,25,27,07,7
21,12,20,27,07,234
21,12,35,27,07,7
21,16,39,27,07,7
21,18,18,27,07,7
21,24,21,27,07,237
21,24,23,27,07,7
21,24,33,27,07,51
21,25,04,27,07,234
21,26,18,27,07,234
21,26,51,27,07,7
21,30,21,27,07,234
21,30,25,27,07,7
21,32,11,27,07,7
21,33,37,27,07,7
21,33,41,27,07,7
21,44,41,27,07,233
22,16,57,27,07,233
295
00,06,00,28,07,233
00,06,28,28,07,60
00,20,19,28,07,54
00,22,13,28,07,54
00,48,42,28,07,233
01,24,22,28,07,233
03,39,51,28,07,60
04,30,44,28,07,54
06,05,21,28,07,56
08,05,51,28,07,9
09,45,22,28,07,57
10,45,04,28,07,54
10,46,57,28,07,54
11,15,47,28,07,60
12,06,16,28,07,233
12,19,21,28,07,233
12,24,26,28,07,54
12,34,36,28,07,54
13,02,24,28,07,233
13,42,52,28,07,233
15,14,18,28,07,60
15,59,38,28,07,233
16,12,24,28,07,56
16,27,50,28,07,7
16,29,09,28,07,7
16,43,14,28,07,234
16,46,17,28,07,234
16,46,56,28,07,234
16,48,51,28,07,234
16,49,05,28,07,234
16,50,23,28,07,2
16,50,49,28,07,233
16,56,43,28,07,233
17,21,41,28,07,54
17,24,23,28,07,422
17,25,12,28,07,0
17,25,16,28,07,0
17,25,29,28,07,413
17,25,39,28,07,0
17,25,42,28,07,0
17,25,46,28,07,2
17,26,14,28,07,20
17,26,25,28,07,2
17,53,00,28,07,7
17,53,05,28,07,7
19,32,56,28,07,60
19,45,24,28,07,233
20,19,10,28,07,54
20,21,24,28,07,233
20,57,58,28,07,233
21,35,27,28,07,233
22,00,55,28,07,54
22,47,48,28,07,54
22,49,45,28,07,54
23,17,41,28,07,54
23,17,58,28,07,54
23,19,07,28,07,60
23,39,20,28,07,233
23,59,30,28,07,233
304
00,00,00,29,07,233
00,24,22,29,07,54
00,45,53,29,07,7
02,23,12,29,07,60
03,23,16,29,07,233
03,35,02,29,07,9
03,54,14,29,07,54
04,11,08,29,07,56
04,35,42,29,07,233
05,01,16,29,07,54
05,37,16,29,07,54
05,53,26,29,07,54
07,07,23,29,07,422
07,07,24,29,07,0
07,07,28,29,07,0
07,07,28,29,07,2
07,07,39,29,07,373
07,07,46,29,07,0
07,07,50,29,07,0
07,07,50,29,07,2
07,08,00,29,07,373
07,08,02,29,07,0
07,08,06,29,07,0
07,12,33,29,07,2
07,12,54,29,07,20
07,14,03,29,07,2
07,38,20,29,07,54
09,49,35,29,07,54
10,16,46,29,07,54
11,21,39,29,07,60
11,58,34,29,07,233
11,59,57,29,07,54
12,25,23,29,07,233
13,03,25,29,07,233
13,53,20,29,07,233
14,29,58,29,07,233
15,09,30,29,07,233
15,43,26,29,07,54
17,05,52,29,07,50
17,06,17,29,07,60
17,09,03,29,07,7
17,52,46,29,07,54
17,59,04,29,07,233
19,19,55,29,07,2
19,19,56,29,07,20
19,20,39,29,07,2
19,20,40,29,07,20
19,20,42,29,07,23
20,30,49,29,07,20
20,30,51,29,07,22
20,32,32,29,07,20
20,32,33,29,07,23
20,38,30,29,07,2
20,38,51,29,07,235
20,39,36,29,07,235
20,39,56,29,07,222
20,47,30,29,07,237
20,48,29,29,07,237
20,48,38,29,07,7
20,48,48,29,07,237
20,51,03,29,07,7
20,53,18,29,07,7
21,30,58,29,07,60
22,02,36,29,07,246
22,20,28,29,07,54
22,23,56,29,07,7
23,14,48,29,07,60
23,41,29,29,07,234
231
00,16,49,30,07,56
01,00,19,30,07,233
01,06,08,30,07,237
01,07,36,30,07,237
01,07,48,30,07,237
01,08,05,30,07,237
01,26,06,30,07,7
02,55,15,30,07,60
02,55,37,30,07,9
03,13,46,30,07,246
03,22,49,30,07,233
03,50,40,30,07,237
04,55,44,30,07,246
04,57,11,30,07,246
05,12,08,30,07,54
05,13,28,30,07,54
05,23,56,30,07,7
06,23,32,30,07,7
07,41,11,30,07,60
08,03,57,30,07,54
08,46,31,30,07,54
09,47,04,30,07,246
09,48,42,30,07,246
10,25,37,30,07,233
11,13,23,30,07,233
11,13,50,30,07,60
13,32,05,30,07,60
14,40,23,30,07,246
15,13,21,30,07,233
15,19,56,30,07,60
16,22,54,30,07,56
18,14,46,30,07,234
18,28,30,30,07,9
18,34,27,30,07,233
19,06,25,30,07,234
19,08,26,30,07,234
19,21,37,30,07,54
20,12,30,30,07,54
21,43,45,30,07,246
22,37,00,30,07,54
23,12,59,30,07,60
228
00,12,45,31,07,246
01,18,23,31,07,246
05,42,20,31,07,246
05,42,54,31,07,246
05,46,37,31,07,233
06,29,30,31,07,54
06,34,40,31,07,246
07,04,50,31,07,56
07,35,08,31,07,233
08,15,52,31,07,237
09,30,07,31,07,234
09,31,26,31,07,233
10,24,26,31,07,54
11,31,37,31,07,60
11,54,25,31,07,9
13,29,40,31,07,233
15,40,41,31,07,246
16,48,25,31,07,50
18,31,41,31,07,56
19,22,03,31,07,54
20,34,41,31,07,9
20,35,19,31,07,60
20,37,33,31,07,7
20,38,29,31,07,7
22,09,25,31,07,233
22,53,35,31,07,54
23,14,47,31,07,60
23,24,40,31,07,237
23,31,02,31,07,241
224
00,44,29,01,08,237
00,48,14,01,08,241
01,21,47,01,08,237
01,34,18,01,08,241
04,02,27,01,08,60
04,13,18,01,08,233
06,39,10,01,08,54
07,19,01,01,08,60
07,55,16,01,08,54
07,56,59,01,08,233
08,35,00,01,08,237
08,37,25,01,08,51
08,38,16,01,08,237
08,39,11,01,08,241
08,41,43,01,08,234
08,51,16,01,08,241
09,00,24,01,08,233
09,02,32,01,08,237
09,03,14,01,08,241
09,04,23,01,08,237
10,43,22,01,08,233
11,09,56,01,08,233
11,10,23,01,08,60
12,35,00,01,08,246
12,44,21,01,08,9
12,47,04,01,08,237
12,48,31,01,08,241
13,31,03,01,08,56
13,32,11,01,08,56
14,25,07,01,08,233
14,59,34,01,08,54
15,43,23,01,08,54
15,44,49,01,08,422
15,46,40,01,08,0
15,46,44,01,08,0
15,46,57,01,08,413
15,58,33,01,08,0
15,58,37,01,08,0
15,59,18,01,08,2
15,59,43,01,08,20
16,15,54,01,08,23
17,02,45,01,08,2
17,02,58,01,08,7
17,03,43,01,08,2
17,04,34,01,08,7
17,04,44,01,08,222
17,04,46,01,08,7
17,08,04,01,08,7
19,38,32,01,08,54
20,46,43,01,08,9
20,50,44,01,08,233
22,02,32,01,08,233
22,42,53,01,08,54
23,49,40,01,08,60
245
00,10,14,02,08,56
00,40,21,02,08,54
01,31,52,02,08,233
02,11,47,02,08,54
02,14,31,02,08,233
03,35,32,02,08,54
04,23,53,02,08,54
04,47,11,02,08,54
06,21,38,02,08,233
07,02,55,02,08,233
07,34,20,02,08,60
07,37,38,02,08,233
07,57,00,02,08,233
08,13,44,02,08,60
08,51,16,02,08,54
09,08,15,02,08,60
09,43,42,02,08,233
10,58,11,02,08,233
10,59,18,02,08,233
11,58,14,02,08,55
12,41,37,02,08,233
12,51,05,02,08,9
12,54,53,02,08,233
13,09,19,02,08,56
16,46,10,02,08,7
17,03,09,02,08,50
20,13,13,02,08,233
20,51,36,02,08,9
21,17,07,02,08,56
21,17,36,02,08,56
22,23,49,02,08,233
22,56,48,02,08,54
23,53,24,02,08,60
193
00,00,00,03,08,60
00,29,17,03,08,54
02,28,10,03,08,60
02,35,20,03,08,233
04,38,40,03,08,60
04,53,20,03,08,54
04,56,00,03,08,233
04,57,05,03,08,233
04,58,09,03,08,9
07,17,43,03,08,60
07,34,22,03,08,233
08,38,57,03,08,233
09,46,26,03,08,9
09,50,57,03,08,233
10,26,45,03,08,233
11,15,17,03,08,233
11,15,45,03,08,60
12,27,44,03,08,55
13,23,09,03,08,233
13,30,35,03,08,56
16,47,13,03,08,7
16,47,15,03,08,7
16,47,17,03,08,7
17,50,31,03,08,233
19,09,55,03,08,54
19,13,58,03,08,9
19,34,37,03,08,234
19,44,46,03,08,234
19,45,28,03,08,234
19,45,52,03,08,234
19,46,16,03,08,234
20,58,24,03,08,54
21,53,59,03,08,56
22,20,09,03,08,54
22,44,16,03,08,413
23,20,02,03,08,0
23,20,06,03,08,0
23,20,09,03,08,2
23,20,49,03,08,20
23,21,41,03,08,2
23,21,42,03,08,232
23,22,25,03,08,233
23,23,01,03,08,222
23,36,55,03,08,233
23,46,16,03,08,2
23,46,16,03,08,20
23,58,43,03,08,23
198
00,00,00,04,08,23
02,48,49,04,08,2
02,49,12,04,08,233
02,49,45,04,08,233
02,50,05,04,08,233
02,52,23,04,08,233
02,53,31,04,08,233
02,54,31,04,08,237
02,54,46,04,08,51
02,54,58,04,08,7
02,55,36,04,08,237
02,55,44,04,08,51
02,55,52,04,08,7
02,56,09,04,08,233
02,56,54,04,08,233
02,58,30,04,08,233
02,59,49,04,08,7
03,06,40,04,08,237
03,09,09,04,08,234
03,09,28,04,08,234
03,15,03,04,08,9
03,21,48,04,08,57
03,32,12,04,08,234
03,33,12,04,08,234
03,35,36,04,08,234
03,38,30,04,08,234
03,40,49,04,08,7
03,42,49,04,08,234
03,47,11,04,08,234
03,51,13,04,08,7
03,53,43,04,08,237
03,55,10,04,08,7
03,57,26,04,08,234
04,23,16,04,08,233
04,55,41,04,08,246
05,50,57,04,08,7
07,13,23,04,08,60
07,18,14,04,08,233
08,01,27,04,08,246
08,17,23,04,08,246
09,03,45,04,08,246
09,36,57,04,08,237
09,38,11,04,08,51
09,38,23,04,08,233
10,25,29,04,08,246
10,48,03,04,08,233
11,56,30,04,08,233
11,57,02,04,08,60
12,47,54,04,08,233
14,05,22,04,08,246
14,33,39,04,08,7
14,33,43,04,08,7
15,07,55,04,08,233
15,21,37,04,08,56
15,45,54,04,08,233
16,12,02,04,08,233
16,34,45,04,08,246
16,36,28,04,08,246
17,06,07,04,08,233
17,28,24,04,08,54
17,37,57,04,08,233
17,40,32,04,08,50
17,54,18,04,08,246
